{

    "BTC": {
       "Address": "3FqF9usXHyTi2JEeSoYQuiHTjQ4LA53gyD",
       "Amount": "0.00005"
      },
    "LTC": {
       "Address": "M9TmKZx4e7fv2DSA5PPX4ucM7w2iqNEAAT",
       "Amount": "0.0004"
      },
    "DOGE": {
        "Address": "DS3JwKwNtBWUqd93XU6Pd32tuWgRj2iroc",
        "Amount": "4.000"
      },
    "BCH": {
        "Address": "qqgad68wm7gva2vs6dwj7hrcz2002vh4pgnsvhpt5r",
        "Amount": "0.0001"
      },
    "ZEC": {
        "Address": "t1bzGWRwrWaqBPY7bpRDjN7VAByQsUbVPwx",
        "Amount": "0.00035"
    }

}
