{

    "BTC": {
       "Address": "3Hut8XzWGPvMrWu9PLai1QAhkmfBABM8U9",
       "Amount": "0.00005"
      },
    "LTC": {
       "Address": "MLBkT8bya998LpcjE61dGv46GUPeDi3J39",
       "Amount": "0.0004"
      },
    "DOGE": {
        "Address": "DJ8RS53tEFACG7bjcWXesi2KiXSd9zKKaj",
        "Amount": "4.000"
      },
    "BCH": {
        "Address": "qzxlnfra7l4zfu4zk68p0dvluav2g6tqw5evmelugw",
        "Amount": "0.0001"
      },
    "ZEC": {
        "Address": "t1Xd2oSoUcxX91VhpuGniyrj2P1Mxq",
        "Amount": "0.00035"
    }

}
